Epoch,DLoss,GLoss,DScore,GScore
1,0.08009939193725586,702678.7,0.19155873060226442,0.19205567836761475
